BF,2B,3B,totalSwings,swingAndMisses,BIP,popOuts,lineOuts,GO,flyHits,popHits,lineHits,groundHits,Strikes,Fstrikes,CSW,Cstr,HR,K,BB,numP,HBP,SF,H,AB,FO,R,ER,IP_numeric,IP,ERA,WHIP,1B,SLG,OBP,OPS,AVG,BABIP,HR/FB%,SwStr%,Whiff%,FB%,GB%,LD%,PopUp%,K%,BB%,K-BB%,CSW%,CStr%,F-Strike%,Str%,K/9,BB/9,H/9,R/9,HR/9,K/BB
12671,463,41,22234,5323,8805,864,469,3035,510,16,1137,1000,30488,7394,13215,7852,197,2420,1254,48986,191,119,2663,10950,1773,1352,1166,2963.6666666666665,2963.2,3.54,1.32,1962,0.347,0.328,0.675,0.243,0.3,8.6,10.9,23.9,25.9,45.8,18.2,10.0,19.1,9.9,9.2,27.0,16.0,58.4,62.2,7.3490046114047916,3.8081205713643014,8.086941851310314,4.105724890338545,0.5982454167135306,1.9298245614035088
