BF,2B,3B,totalSwings,swingAndMisses,BIP,popOuts,lineOuts,GO,flyHits,popHits,lineHits,groundHits,Strikes,Fstrikes,CSW,Cstr,HR,K,BB,numP,HBP,SF,H,AB,FO,R,ER,IP_numeric,IP,ERA,WHIP,1B,SLG,OBP,OPS,AVG,BABIP,HR/FB%,SwStr%,Whiff%,FB%,GB%,LD%,PopUp%,K%,BB%,K-BB%,CSW%,CStr%,F-Strike%,Str%,K/9,BB/9,H/9,R/9,HR/9,K/BB
11920,441,39,20948,5015,8291,806,442,2865,487,16,1066,952,28713,6973,12448,7398,185,2284,1170,46072,174,110,2521,10316,1657,1275,1093,2788.6666666666665,2788.2,3.53,1.32,1856,0.348,0.328,0.6759999999999999,0.244,0.302,8.6,10.9,23.9,25.9,46.0,18.2,9.9,19.2,9.8,9.3,27.0,16.1,58.5,62.3,7.3712646426010044,3.775998087497012,8.136146306478604,4.114869710733923,0.5970595266555104,1.952136752136752
