BF,2B,3B,totalSwings,swingAndMisses,BIP,popOuts,lineOuts,GO,flyHits,popHits,lineHits,groundHits,Strikes,Fstrikes,CSW,Cstr,HR,K,BB,numP,HBP,SF,H,AB,FO,R,ER,IP_numeric,IP,ERA,WHIP,1B,SLG,OBP,OPS,AVG,BABIP,HR/FB%,SwStr%,Whiff%,FB%,GB%,LD%,PopUp%,K%,BB%,K-BB%,CSW%,CStr%,F-Strike%,Str%,K/9,BB/9,H/9,R/9,HR/9,K/BB
10788,392,29,19021,4590,7489,734,402,2588,438,14,956,849,26065,6313,11326,6701,169,2072,1071,41836,155,98,2257,9332,1508,1145,983,2527.6666666666665,2527.2,3.5,1.32,1667,0.344,0.327,0.671,0.242,0.299,8.7,11.0,24.1,26.0,45.9,18.1,10.0,19.2,9.9,9.3,27.1,16.0,58.5,62.3,7.377555057365159,3.8133983911380724,8.036265330344191,4.076882500329685,0.6017407358565212,1.934640522875817
