BF,2B,3B,totalSwings,swingAndMisses,BIP,popOuts,lineOuts,GO,flyHits,popHits,lineHits,groundHits,Strikes,Fstrikes,CSW,Cstr,HR,K,BB,numP,HBP,SF,H,AB,FO,R,ER,IP_numeric,IP,ERA,WHIP,1B,SLG,OBP,OPS,AVG,BABIP,HR/FB%,SwStr%,Whiff%,FB%,GB%,LD%,PopUp%,K%,BB%,K-BB%,CSW%,CStr%,F-Strike%,Str%,K/9,BB/9,H/9,R/9,HR/9,K/BB
7772,293,20,13673,3269,5426,536,295,1861,316,9,705,614,18687,4565,8097,4817,120,1480,762,29961,103,76,1644,6731,1090,839,723,1817.0,1817.0,3.58,1.32,1211,0.347,0.327,0.6739999999999999,0.244,0.301,8.5,10.9,23.9,25.9,45.6,18.4,10.0,19.0,9.8,9.2,27.0,16.1,58.7,62.4,7.330764997248211,3.7743533296642817,8.143093010456797,4.155751238304898,0.5943863511282333,1.942257217847769
