BF,2B,3B,totalSwings,swingAndMisses,BIP,popOuts,lineOuts,GO,flyHits,popHits,lineHits,groundHits,Strikes,Fstrikes,CSW,Cstr,HR,K,BB,numP,HBP,SF,H,AB,FO,R,ER,IP_numeric,IP,ERA,WHIP,1B,SLG,OBP,OPS,AVG,BABIP,HR/FB%,SwStr%,Whiff%,FB%,GB%,LD%,PopUp%,K%,BB%,K-BB%,CSW%,CStr%,F-Strike%,Str%,K/9,BB/9,H/9,R/9,HR/9,K/BB
14099,515,50,24826,5928,9806,952,522,3395,582,17,1252,1128,34232,8270,14782,8768,227,2686,1398,54582,208,125,2979,12196,1957,1509,1314,3297.0,3297.0,3.59,1.33,2187,0.351,0.329,0.6799999999999999,0.244,0.301,8.9,10.9,23.9,25.9,46.1,18.1,9.9,19.1,9.9,9.1,27.1,16.1,58.7,62.7,7.332120109190173,3.816196542311192,8.131938125568698,4.119199272065514,0.6196542311191993,1.9213161659513591
