BF,2B,3B,totalSwings,swingAndMisses,BIP,popOuts,lineOuts,GO,flyHits,popHits,lineHits,groundHits,Strikes,Fstrikes,CSW,Cstr,HR,K,BB,numP,HBP,SF,H,AB,FO,R,ER,IP_numeric,IP,ERA,WHIP,1B,SLG,OBP,OPS,AVG,BABIP,HR/FB%,SwStr%,Whiff%,FB%,GB%,LD%,PopUp%,K%,BB%,K-BB%,CSW%,CStr%,F-Strike%,Str%,K/9,BB/9,H/9,R/9,HR/9,K/BB
8514,319,24,14961,3564,5942,582,326,2043,358,12,761,659,20437,5002,8832,5251,130,1617,838,32793,116,81,1790,7373,1201,904,776,1992.6666666666667,1992.2,3.5,1.32,1317,0.345,0.326,0.671,0.243,0.299,8.3,10.9,23.8,26.2,45.5,18.3,10.0,19.0,9.8,9.1,26.9,16.0,58.8,62.3,7.30327868852459,3.7848778855804617,8.08464369354299,4.082970893275343,0.587152893944463,1.9295942720763724
