BF,2B,3B,totalSwings,swingAndMisses,BIP,popOuts,lineOuts,GO,flyHits,popHits,lineHits,groundHits,Strikes,Fstrikes,CSW,Cstr,HR,K,BB,numP,HBP,SF,H,AB,FO,R,ER,IP_numeric,IP,ERA,WHIP,1B,SLG,OBP,OPS,AVG,BABIP,HR/FB%,SwStr%,Whiff%,FB%,GB%,LD%,PopUp%,K%,BB%,K-BB%,CSW%,CStr%,F-Strike%,Str%,K/9,BB/9,H/9,R/9,HR/9,K/BB
11557,421,38,20309,4861,8037,785,434,2773,469,16,1032,920,27843,6765,12075,7179,183,2207,1143,44711,169,108,2437,9995,1608,1241,1063,2702.6666666666665,2702.2,3.54,1.32,1795,0.348,0.328,0.6759999999999999,0.244,0.301,8.8,10.9,23.9,25.8,45.9,18.2,10.0,19.1,9.9,9.2,27.0,16.1,58.5,62.3,7.349407992106562,3.806240749876665,8.115318204242724,4.132585101134682,0.6093981253083375,1.9308836395450568
