BF,2B,3B,totalSwings,swingAndMisses,BIP,popOuts,lineOuts,GO,flyHits,popHits,lineHits,groundHits,Strikes,Fstrikes,CSW,Cstr,HR,K,BB,numP,HBP,SF,H,AB,FO,R,ER,IP_numeric,IP,ERA,WHIP,1B,SLG,OBP,OPS,AVG,BABIP,HR/FB%,SwStr%,Whiff%,FB%,GB%,LD%,PopUp%,K%,BB%,K-BB%,CSW%,CStr%,F-Strike%,Str%,K/9,BB/9,H/9,R/9,HR/9,K/BB
9661,354,26,17037,4082,6733,658,365,2322,400,13,868,752,23303,5674,10077,5965,155,1836,953,37339,138,87,2033,8365,1355,1030,882,2261.6666666666665,2261.2,3.51,1.32,1498,0.347,0.327,0.6739999999999999,0.243,0.299,8.8,10.9,24.0,26.1,45.7,18.3,10.0,19.0,9.9,9.1,27.0,16.0,58.7,62.4,7.30611643330877,3.7923360353721445,8.090051584377303,4.098747236551216,0.6168017686072218,1.9265477439664218
