BF,2B,3B,totalSwings,swingAndMisses,BIP,popOuts,lineOuts,GO,flyHits,popHits,lineHits,groundHits,Strikes,Fstrikes,CSW,Cstr,HR,K,BB,numP,HBP,SF,H,AB,FO,R,ER,IP_numeric,IP,ERA,WHIP,1B,SLG,OBP,OPS,AVG,BABIP,HR/FB%,SwStr%,Whiff%,FB%,GB%,LD%,PopUp%,K%,BB%,K-BB%,CSW%,CStr%,F-Strike%,Str%,K/9,BB/9,H/9,R/9,HR/9,K/BB
8874,328,26,15617,3747,6184,597,342,2132,369,12,794,689,21327,5211,9245,5481,139,1698,870,34211,121,83,1864,7690,1249,941,810,2079.6666666666665,2079.2,3.51,1.31,1371,0.346,0.326,0.6719999999999999,0.242,0.299,8.6,11.0,24.0,26.2,45.6,18.4,9.8,19.1,9.8,9.3,27.0,16.0,58.7,62.3,7.348292995672384,3.765026446545921,8.066677352139767,4.07228722551691,0.6015387081263024,1.9517241379310344
