BF,2B,3B,totalSwings,swingAndMisses,BIP,popOuts,lineOuts,GO,flyHits,popHits,lineHits,groundHits,Strikes,Fstrikes,CSW,Cstr,HR,K,BB,numP,HBP,SF,H,AB,FO,R,ER,IP_numeric,IP,ERA,WHIP,1B,SLG,OBP,OPS,AVG,BABIP,HR/FB%,SwStr%,Whiff%,FB%,GB%,LD%,PopUp%,K%,BB%,K-BB%,CSW%,CStr%,F-Strike%,Str%,K/9,BB/9,H/9,R/9,HR/9,K/BB
7375,278,18,13007,3149,5138,520,284,1751,294,9,669,575,17793,4344,7755,4595,111,1425,712,28451,99,73,1547,6401,1036,782,668,1731.0,1731.0,3.47,1.31,1140,0.343,0.324,0.667,0.242,0.3,8.3,11.1,24.2,25.9,45.3,18.5,10.3,19.3,9.7,9.7,27.3,16.2,58.9,62.5,7.409012131715771,3.701906412478336,8.043327556325822,4.065857885615252,0.5771230502599654,2.0014044943820224
