BF,2B,3B,totalSwings,swingAndMisses,BIP,popOuts,lineOuts,GO,flyHits,popHits,lineHits,groundHits,Strikes,Fstrikes,CSW,Cstr,HR,K,BB,numP,HBP,SF,H,AB,FO,R,ER,IP_numeric,IP,ERA,WHIP,1B,SLG,OBP,OPS,AVG,BABIP,HR/FB%,SwStr%,Whiff%,FB%,GB%,LD%,PopUp%,K%,BB%,K-BB%,CSW%,CStr%,F-Strike%,Str%,K/9,BB/9,H/9,R/9,HR/9,K/BB
10413,381,29,18339,4404,7248,710,392,2494,426,14,932,820,25135,6097,10902,6464,164,1986,1030,40323,148,97,2192,9011,1460,1116,959,2438.6666666666665,2438.2,3.54,1.32,1618,0.347,0.328,0.675,0.243,0.3,8.7,10.9,24.0,26.0,45.7,18.3,10.0,19.1,9.9,9.2,27.0,16.0,58.6,62.3,7.32941498086386,3.801257517769273,8.089666484417716,4.118644067796611,0.6052487698195735,1.9281553398058253
