BF,2B,3B,totalSwings,swingAndMisses,BIP,popOuts,lineOuts,GO,flyHits,popHits,lineHits,groundHits,Strikes,Fstrikes,CSW,Cstr,HR,K,BB,numP,HBP,SF,H,AB,FO,R,ER,IP_numeric,IP,ERA,WHIP,1B,SLG,OBP,OPS,AVG,BABIP,HR/FB%,SwStr%,Whiff%,FB%,GB%,LD%,PopUp%,K%,BB%,K-BB%,CSW%,CStr%,F-Strike%,Str%,K/9,BB/9,H/9,R/9,HR/9,K/BB
8147,310,22,14334,3416,5681,557,309,1968,332,9,734,634,19589,4780,8473,5042,123,1546,806,31444,113,79,1709,7044,1138,872,751,1906.0,1906.0,3.55,1.32,1254,0.345,0.327,0.6719999999999999,0.243,0.299,8.4,10.9,23.8,25.9,45.8,18.4,10.0,19.0,9.9,9.1,26.9,16.0,58.7,62.3,7.300104931794333,3.805876180482686,8.069779643231898,4.117523609653725,0.580797481636936,1.9181141439205955
