BF,2B,3B,totalSwings,swingAndMisses,BIP,popOuts,lineOuts,GO,flyHits,popHits,lineHits,groundHits,Strikes,Fstrikes,CSW,Cstr,HR,K,BB,numP,HBP,SF,H,AB,FO,R,ER,IP_numeric,IP,ERA,WHIP,1B,SLG,OBP,OPS,AVG,BABIP,HR/FB%,SwStr%,Whiff%,FB%,GB%,LD%,PopUp%,K%,BB%,K-BB%,CSW%,CStr%,F-Strike%,Str%,K/9,BB/9,H/9,R/9,HR/9,K/BB
13253,484,42,23319,5559,9212,904,490,3180,525,17,1191,1045,31993,7743,13808,8203,209,2525,1316,51306,199,121,2778,11451,1859,1403,1212,3102.0,3102.0,3.52,1.32,2043,0.347,0.328,0.675,0.243,0.299,8.8,10.8,23.8,25.9,45.9,18.2,10.0,19.1,9.9,9.1,26.9,16.0,58.4,62.4,7.325918762088975,3.8181818181818183,8.059961315280464,4.070599613152805,0.6063829787234043,1.918693009118541
