BF,2B,3B,totalSwings,swingAndMisses,BIP,popOuts,lineOuts,GO,flyHits,popHits,lineHits,groundHits,Strikes,Fstrikes,CSW,Cstr,HR,K,BB,numP,HBP,SF,H,AB,FO,R,ER,IP_numeric,IP,ERA,WHIP,1B,SLG,OBP,OPS,AVG,BABIP,HR/FB%,SwStr%,Whiff%,FB%,GB%,LD%,PopUp%,K%,BB%,K-BB%,CSW%,CStr%,F-Strike%,Str%,K/9,BB/9,H/9,R/9,HR/9,K/BB
11117,407,33,19537,4708,7718,755,414,2656,453,15,993,882,26798,6512,11655,6912,177,2133,1104,43026,161,104,2343,9615,1550,1193,1029,2597.6666666666665,2597.2,3.57,1.33,1726,0.348,0.328,0.6759999999999999,0.244,0.301,8.8,10.9,24.1,26.0,45.8,18.2,10.0,19.2,9.9,9.3,27.1,16.1,58.6,62.3,7.3900936738098295,3.824971127935327,8.117669703580136,4.133324778647505,0.6132426536635442,1.9320652173913044
