BF,2B,3B,totalSwings,swingAndMisses,BIP,popOuts,lineOuts,GO,flyHits,popHits,lineHits,groundHits,Strikes,Fstrikes,CSW,Cstr,HR,K,BB,numP,HBP,SF,H,AB,FO,R,ER,IP_numeric,IP,ERA,WHIP,1B,SLG,OBP,OPS,AVG,BABIP,HR/FB%,SwStr%,Whiff%,FB%,GB%,LD%,PopUp%,K%,BB%,K-BB%,CSW%,CStr%,F-Strike%,Str%,K/9,BB/9,H/9,R/9,HR/9,K/BB
10034,366,28,17686,4243,6982,690,376,2409,413,13,893,781,24224,5878,10495,6219,158,1913,993,38851,145,91,2100,8681,1407,1066,914,2351.6666666666665,2351.2,3.5,1.32,1548,0.345,0.327,0.6719999999999999,0.242,0.298,8.7,10.9,24.0,26.1,45.7,18.2,10.1,19.1,9.9,9.2,27.0,16.0,58.6,62.4,7.321190644932672,3.800283486888732,8.036853295535082,4.079659815733523,0.6046775336640681,1.9264853977844913
