BF,2B,3B,totalSwings,swingAndMisses,BIP,popOuts,lineOuts,GO,flyHits,popHits,lineHits,groundHits,Strikes,Fstrikes,CSW,Cstr,HR,K,BB,numP,HBP,SF,H,AB,FO,R,ER,IP_numeric,IP,ERA,WHIP,1B,SLG,OBP,OPS,AVG,BABIP,HR/FB%,SwStr%,Whiff%,FB%,GB%,LD%,PopUp%,K%,BB%,K-BB%,CSW%,CStr%,F-Strike%,Str%,K/9,BB/9,H/9,R/9,HR/9,K/BB
12276,451,39,21617,5176,8536,839,451,2951,495,16,1096,974,29615,7179,12829,7616,190,2354,1204,47509,181,116,2581,10623,1714,1304,1121,2875.6666666666665,2875.2,3.51,1.32,1901,0.346,0.327,0.673,0.243,0.3,8.6,10.9,23.9,25.9,46.0,18.1,10.0,19.2,9.8,9.4,27.0,16.0,58.5,62.3,7.367335110698969,3.7681696997797616,8.07777906572389,4.081140605077084,0.5946447200649125,1.9551495016611296
